FermionicML	0o775
FermionicML/FermionicML_thermal_2body.py	0o664
FermionicML/LICENSE	0o664
FermionicML/README.md	0o664
FermionicML/config.py	0o664
FermionicML/engine.py	0o664
FermionicML/engine_parts	0o775
FermionicML/engine_parts/p1_core.py	0o664
FermionicML/engine_parts/p2_models.py	0o664
FermionicML/engine_parts/p3_training.py	0o664
FermionicML/engine_parts/p4_gevp.py	0o664
FermionicML/engine_parts/p5_shots.py	0o664
FermionicML/engine_parts/p6_bcs_rg.py	0o664
FermionicML/generator.py	0o664
FermionicML/requirements.txt	0o664
FermionicML/runner.py	0o664
FermionicML/tasks	0o775
FermionicML/tasks/__init__.py	0o664
FermionicML/tasks/t_ablation_eval.py	0o664
FermionicML/tasks/t_beta100.py	0o664
FermionicML/tasks/t_gevp_diag.py	0o664
FermionicML/tasks/t_kernel_ridge.py	0o664
FermionicML/tasks/t_nullmode.py	0o664
FermionicML/tasks/t_repres.py	0o664
FermionicML/tasks/t_rg_overlay.py	0o664
FermionicML/tasks/t_shots.py	0o664
FermionicML/tasks/t_train.py	0o664
FermionicML/tasks/t_train_v2.py	0o664
FermionicML/tasks/t_values.py	0o664
expc1_cal1_archa1.py	0o664
expc1_cpu64_companions.py	0o664
ognrepro	0o775
ognrepro/__init__.py	0o664
ognrepro/arch_variants.py	0o664
ognrepro/blocked.py	0o664
ognrepro/classical.py	0o664
ognrepro/figstyle.py	0o664
ognrepro/mlp_variants.py	0o664
ognrepro/readout.py	0o664
ognrepro/repro_common.py	0o664
ognrepro/restore.py	0o664
ognrepro/std_arch.py	0o664
ognrepro/v2	0o775
ognrepro/v2/__init__.py	0o664
ognrepro/v2/config.py	0o664
ognrepro/v2/d16_aux.py	0o664
ognrepro/v2/gen.py	0o664
ognrepro/v2/loader.py	0o664
ognrepro/v2/losses.py	0o664
ognrepro/v2/model.py	0o664
ognrepro/v2/ops_index.py	0o664
ognrepro/v2/registry.py	0o664
ognrepro/v2/stats.py	0o664
ognrepro/v2/testenv.py	0o664
ognrepro/v2/tests	0o775
ognrepro/v2/tests/__init__.py	0o664
ognrepro/v2/tests/run_tests.py	0o664
ognrepro/v2/tests/test_d16.py	0o664
ognrepro/v2/tests/test_figaux.py	0o664
ognrepro/v2/tests/test_gen.py	0o664
ognrepro/v2/tests/test_losses.py	0o664
ognrepro/v2/tests/test_model.py	0o664
ognrepro/v2/tests/test_restore.py	0o664
ognrepro/v2/tests/test_tierb2_stages.py	0o664
ognrepro/v2/tests/test_tierb_stages.py	0o664
ognrepro/v2/train_step.py	0o664
