comparators	0o775
fig_inputs	0o775
percells	0o775
percells/D16PROG-P1-REF	0o775
percells/D16PROG-P1-REF/expc2r2_d16prog_p1_classical_percell.npz	0o664
percells/D16PROG-P1-REF/expc2r2_d16prog_p1_classical_result.json	0o664
provenance	0o775
provenance/STAGING_MANIFEST_v2.sha256	0o664
provenance/STAGING_NOTES_v2.md	0o664
provenance/V2-CHECKPOINTS.snapshot.json	0o664
provenance/v2_records_index.json	0o664
records	0o775
streams	0o775
streams/d16_labels	0o775
streams/d16_labels/labels_half0.npy	0o664
streams/d16_labels/labels_half1.npy	0o664
streams/d16_labels/labels_val.npy	0o664
streams/v2_val1007_labels_first4096.npy	0o664
values	0o775
values/v2_beta1_panel_sm_fig_values.json	0o664
values/v2_beta1_panel_values.json	0o664
values/v2_clean_medians.json	0o664
values/v2_cmp01_values.json	0o664
values/v2_crosseval_values.json	0o664
values/v2_d16score_values.json	0o664
values/v2_fig2_values.json	0o664
values/v2_fig3_values.json	0o664
values/v2_fig4_values.json	0o664
values/v2_fig6_table1_sidecar.json	0o664
values/v2_fig6_values.json	0o664
values/v2_figLC_values.json	0o664
values/v2_figS1_values.json	0o664
values/v2_figS3center_values.json	0o664
values/v2_figS3left_values.json	0o664
values/v2_geo_battery_values.json	0o664
values/v2_krr_values.json	0o664
values/v2_precision_values.json	0o664
values/v2_robustness_values.json	0o664
values/v2_shots_nodes6_values.json	0o664
values/v2_t0_pair_values.json	0o664
values/v2_xfleet_values.json	0o664
